[
  {
    "name": "「解」 虾米",
    "version": 3,
    "remark": "通用官采解析1，需配合网盘解析工具使用。每次消耗所有解析次数！",
    "webSite": "https://zy.hls.one/api.php/provide/vod",
    "order": "A",
    "api": "vod/js/cms.js",
    "type": 101
  },
  {
    "name": "「解」 虾米",
    "version": 1,
    "remark": "通用官采解析2，需配合网盘解析工具使用。在环境变量配置 采集解析地址。",
    "env": "采集解析地址##内置两个，失效不要反馈。格式：名称1@地址1;名称2@地址2",
    "webSite": "https://zy.hls.one/api.php/provide/vod",
    "order": "A",
    "api": "vod/js/cms2.js",
    "type": 101
  },
  {
    "name": "「解」 小猫咪",
    "version": 1,
    "remark": "通用官采解析2，需配合网盘解析工具使用。在环境变量配置 采集解析地址。",
    "env": "采集解析地址##内置两个，失效不要反馈。格式：名称1@地址1;名称2@地址2",
    "webSite": "https://zy.xiaomaomi.cc/api.php/provide/vod",
    "order": "A",
    "api": "vod/js/cms3.js",
    "type": 101
  },
  {
    "name": "「盘」 奥秘",
    "version": 2,
    "webSite": "https://vip.omii.top/",
    "order": "B",
    "api": "vod/js/aomipan.js",
    "type": 101
  },
  {
    "name": "「盘」 百家",
    "version": 1,
    "webSite": "http://cj.jiexi.news",
    "order": "B",
    "api": "vod/js/baijia.js",
    "type": 101
  },
  {
    "name": "「盘」 大玩ou",
    "version": 1,
    "webSite": "http://149.88.87.18:6688",
    "order": "B",
    "api": "vod/js/dawanou.js",
    "type": 101
  },
  {
    "name": "「盘」 多多",
    "version": 3,
    "webSite": "https://tv.yydsys.top",
    "order": "B",
    "api": "vod/js/duoduo.js",
    "type": 101
  },
  {
    "name": "「盘」 二小",
    "version": 1,
    "webSite": "https://2xiaopan.fun",
    "order": "B",
    "api": "vod/js/erxiao.js",
    "type": 101
  },
  {
    "name": "「盘」 趣盘搜",
    "version": 3,
    "remark": "来自proversion2024，仅搜索",
    "webSite": "https://pan.funletu.com",
    "codeID": "LO5aQSJYBZLrRD1g",
    "instance": "funletu20241124",
    "order": "B",
    "api": "vod/js/funletu.txt",
    "type": 100
  },
  {
    "name": "「盘」 虎斑",
    "version": 1,
    "webSite": "http://103.45.162.207:20720",
    "order": "B",
    "api": "vod/js/huban.js",
    "type": 101
  },
  {
    "name": "「盘」 蜡笔",
    "version": 3,
    "webSite": "http://feimaoai.site",
    "order": "B",
    "api": "vod/js/labipan.js",
    "type": 101
  },
  {
    "name": "「盘」 雷鲸",
    "version": 4,
    "remark": "来自proversion2024",
    "webSite": "https://www.leijing.xyz",
    "codeID": "GgryhjYVgQMDUw4f",
    "instance": "leiJing20241126",
    "order": "B",
    "api": "vod/js/leijing.txt",
    "type": 100
  },
  {
    "name": "「盘」 六趣",
    "version": 1,
    "webSite": "https://wp.0v.fit",
    "order": "B",
    "api": "vod/js/liuqu.js",
    "type": 101
  },
  {
    "name": "「盘」 木偶",
    "version": 2,
    "webSite": "https://666.666291.xyz",
    "order": "B",
    "api": "vod/js/mogg.js",
    "type": 101
  },
  {
    "name": "「盘」 南风短剧",
    "version": 1,
    "webSite": "https://www.nanf.cc",
    "order": "B",
    "api": "vod/js/nanfdj.js",
    "type": 101
  },
  {
    "name": "「盘」 欧歌",
    "version": 3,
    "webSite": "https://woog.nxog.eu.org",
    "order": "B",
    "api": "vod/js/ouge.js",
    "type": 101
  },
  {
    "name": "「盘」 PanSearch",
    "version": 1,
    "remark": "来自proversion2024，仅搜索",
    "webSite": "https://www.pansearch.me",
    "codeID": "UM9WK6x3sPm3mbUgJB2dJNs59vTyNynm",
    "instance": "leiJing20241126",
    "order": "B",
    "api": "vod/js/pansearch.txt",
    "type": 101
  },
  {
    "name": "「盘」 云盘资源网",
    "version": 1,
    "webSite": "https://res.yunpan.win",
    "instance": "resYunPan20241120",
    "order": "B",
    "api": "vod/js/resyunpan.js",
    "type": 100
  },
  {
    "name": "「盘」 清影",
    "version": 1,
    "remark": "v1.6.57及以上版本可用，加载不出来就是空资源",
    "webSite": "https://www.revohd.com",
    "order": "B",
    "api": "vod/js/revohd.js",
    "type": 101
  },
  {
    "name": "「盘」 闪电",
    "version": 1,
    "webSite": "http://1.95.79.193/",
    "order": "B",
    "api": "vod/js/shandian.js",
    "type": 101
  },
  {
    "name": "「盘」 TG搜",
    "version": 1,
    "remark": "格式 频道名称1@频道id1&频道名称2@频道id2",
    "webSite": "123资源@zyfb123&天翼日更@tianyirigeng&木偶UC@ucpanpan&夸克电影@alyp_4K_Movies&夸克剧集@alyp_TV&夸克动漫@alyp_Animation",
    "order": "B",
    "api": "vod/js/tgs.js",
    "type": 101
  },
  {
    "name": "「盘」 天逸搜",
    "version": 3,
    "remark": "来自proversion2024，仅搜索",
    "webSite": "https://www.tianyiso.com",
    "codeID": "DU9z425w42hk9B8l",
    "instance": "tianyiso20241129",
    "order": "B",
    "api": "vod/js/tianyiso.txt",
    "type": 100
  },
  {
    "name": "「盘」 玩偶",
    "version": 3,
    "webSite": "http://wogg.xxooo.cf",
    "order": "B",
    "api": "vod/js/wobg.js",
    "type": 101
  },
  {
    "name": "「盘」 下饭",
    "version": 1,
    "webSite": "http://www.xn--ghqy10g1w0a.xyz/",
    "order": "B",
    "api": "vod/js/xiafan.js",
    "type": 101
  },
  {
    "name": "「盘」 小米",
    "version": 3,
    "webSite": "https://xiaomiai.site",
    "order": "B",
    "api": "vod/js/xiaomi.js",
    "type": 101
  },
  {
    "name": "「盘」 至臻",
    "version": 3,
    "webSite": "https://mihdr.top",
    "order": "B",
    "api": "vod/js/zhizhen.js",
    "type": 101
  },
  {
    "name": "「直」 4k-av",
    "version": 2,
    "webSite": "https://4k-av.com",
    "instance": "www4kav20240705",
    "order": "C",
    "api": "vod/js/4kav.js",
    "type": 100
  },
  {
    "name": "「直」 修罗影视",
    "version": 1,
    "webSite": "https://www.xlys01.com",
    "order": "C",
    "api": "vod/js/biliys.js",
    "type": 101
  },
  {
    "name": "「直」 两个BT",
    "version": 2,
    "webSite": "https://www.bttwoo.com",
    "order": "C",
    "api": "vod/js/bttwo.js",
    "type": 101
  },
  {
    "name": "「直」 厂长影视",
    "version": 2,
    "webSite": "https://www.czzy77.com",
    "order": "C",
    "api": "vod/js/changZhang20240614.js",
    "type": 101
  },
  {
    "name": "「直」 蛋蛋剧",
    "version": 2,
    "webSite": "https://www.dandanju.tv",
    "order": "C",
    "api": "vod/js/dandanju.js",
    "type": 101
  },
  {
    "name": "「直」 短剧天堂",
    "version": 2,
    "webSite": "https://duanjutt.tv",
    "instance": "duanjutt20240922",
    "order": "C",
    "api": "vod/js/duanjutt.js",
    "type": 100
  },
  {
    "name": "[直]瓜子 app",
    "version": 2,
    "remark": "v1.6.53 及以上版本",
    "webSite": "https://api.9cec79d.com",
    "codeID": "ra5Z3wtXKshzSMK2",
    "instance": "gzapp20241001",
    "order": "C",
    "api": "vod/js/gzapp.txt",
    "type": 100
  },
  {
    "name": "「直」 瓜子web",
    "version": 2,
    "webSite": "https://api.zaqohu.com",
    "instance": "gzys20240822",
    "order": "C",
    "api": "vod/js/gzys.js",
    "type": 100
  },
  {
    "name": "「直」 韩剧看看",
    "version": 2,
    "webSite": "https://www.hanjukankan.com",
    "instance": "hjkk20240624",
    "order": "C",
    "api": "vod/js/hjkk.js",
    "type": 100
  },
  {
    "name": "「直」 囧次元",
    "version": 2,
    "remark": "网站填写[https://jocy.app]会自动获取最新网址，也可以在环境变量修改[囧次元更新网址]的值为1",
    "env": "囧次元更新网址##填写1,然后在首页源列表重新切换到囧次元,可更新手动更新网址",
    "webSite": "https://jocy.app",
    "codeID": "cm7OBqdp0KChaJ7bg2OhuAyTgt8ufeyJ",
    "order": "C",
    "api": "vod/js/jocy.js",
    "type": 101
  },
  {
    "name": "「直」 金牌影视",
    "version": 2,
    "webSite": "https://www.ghw9zwp5.com",
    "instance": "jpyy20240716",
    "order": "C",
    "api": "vod/js/jpyy.js",
    "type": 100
  },
  {
    "name": "「直」 老白听书",
    "version": 2,
    "webSite": "https://apk-lb-json.fodexin.com",
    "instance": "laobai20240831",
    "order": "C",
    "api": "vod/js/laobai.js",
    "type": 100
  },
  {
    "name": "「直」 欧乐影视",
    "version": 2,
    "webSite": "https://www.olevod.tv",
    "instance": "olevod20240620",
    "order": "C",
    "api": "vod/js/olevod.js",
    "type": 100
  },
  {
    "name": "「直」 烧火",
    "version": 2,
    "webSite": "https://saohuo.tv",
    "instance": "saohuo20240623",
    "order": "C",
    "api": "vod/js/saohuo.js",
    "type": 100
  },
  {
    "name": "「直」 素白白",
    "version": 2,
    "webSite": "https://www.subaibaiys.com",
    "instance": "sbb20240624",
    "order": "C",
    "api": "vod/js/subaibai.js",
    "type": 100
  },
  {
    "name": "「直」 天天影视",
    "version": 2,
    "webSite": "http://op.ysdqjs.cn",
    "instance": "tiantian20240629",
    "order": "C",
    "api": "vod/js/tiantian.js",
    "type": 100
  },
  {
    "name": "「直」 在线之家",
    "version": 2,
    "webSite": "https://www.zxzja.com",
    "instance": "zxzj20240620",
    "order": "C",
    "api": "vod/js/zxzj.js",
    "type": 100
  },
  {
    "name": "「嗅」 girigirilove",
    "version": 1,
    "webSite": "https://anime.girigirilove.com",
    "order": "D",
    "api": "vod/js/aggl.js",
    "type": 101
  },
  {
    "name": "「嗅」 clicli",
    "version": 1,
    "webSite": "https://www.clicli.pro",
    "order": "D",
    "api": "vod/js/clicli.js",
    "type": 101
  },
  {
    "name": "「嗅」 E-ACG",
    "version": 1,
    "webSite": "https://eacg1.com",
    "order": "D",
    "api": "vod/js/eacg.js",
    "type": 101
  },
  {
    "name": "「嗅」 E-ACG2",
    "version": 1,
    "webSite": "https://eacg1.com",
    "order": "D",
    "api": "vod/js/eacg2.js",
    "type": 101
  },
  {
    "name": "「嗅」 mifun",
    "version": 1,
    "webSite": "http://www.mifun.tw",
    "order": "D",
    "api": "vod/js/mifun.js",
    "type": 101
  },
  {
    "api": "https://cjhwba.com/api.php/provide/vod/",
    "name": "「采」华为吧",
    "type": 0
  },
  {
    "api": "https://cj.rycjapi.com/api.php/provide/vod",
    "name": "「采」如意",
    "type": 0
  },
  {
    "api": "https://json.heimuer.xyz/api.php/provide/vod/",
    "name": "「采」黑木耳",
    "type": 0
  },
  {
    "name": "夸克|123|189|UC|解析 网盘解析工具",
    "version": 19,
    "remark": "iOS14 以上版本可用,App v1.6.54 及以上版本可用",
    "env": "UCCookie##用于播放UC网盘视频&&UC_UT##播放视频自动获取，不可用时点击删除重新获取 cookie ，再重启app&&夸克Cookie##用于播放Quark网盘视频&&阿里Token##用于播放阿里网盘视频&&转存文件夹名称##在各网盘转存文件时使用的文件夹名称&&123网盘账号##用于播放123网盘视频&&123网盘密码##用于播放123网盘视频&&天翼网盘账号##用于播放天翼网盘视频&&天翼网盘密码##用于播放天翼网盘视频&&采集解析地址##内置两个，失效不要反馈。格式：名称1@地址1;名称2@地址2",
    "api": "panTools/js/panTools2.js",
    "type": 300
  },
  {
    "name": "豆瓣推荐",
    "version": 3,
    "remark": "iOS14 以上版本可用",
    "codeID": "N7WRmLmOdB8FSh4M",
    "api": "recommend/js/douban.txt",
    "type": 200
  },
  {
    "name": "弹幕扩展",
    "version": 10,
    "remark": "搜不到就算了，不要那么执着",
    "codeID": "HyplMQ00pLZipW1jy1e9qTsjZbznKjq2",
    "order": "A01",
    "api": "danMu/js/danMu2.txt",
    "type": 400
  },
  {
    "name": "弹幕扩展",
    "version": 1,
    "order": "A02",
    "api": "danMu/js/danMu.js",
    "type": 400
  },
  {
    "name": "📺电视直播",
    "api": "https://tv.iill.top/m3u/Gather",
    "type": 10,
    "remark": "来自 YanG-1989 大佬 https://github.com/YanG-1989"
  },
  {
    "name": "🎥网络直播",
    "api": "https://tv.iill.top/m3u/Live",
    "type": 10,
    "remark": "来自 YanG-1989 大佬 https://github.com/YanG-1989"
  },
  {
    "name": "🚴‍♂️体育直播",
    "api": "https://tv.iill.top/m3u/Sport",
    "type": 10,
    "remark": "来自 YanG-1989 大佬 https://github.com/YanG-1989"
  },
  {
    "name": "「禁」 91jav",
    "version": 3,
    "webSite": "https://041.bndmpsjx.com",
    "order": "E",
    "api": "vod/js/91jav.js",
    "type": 101
  },
  {
    "name": "「禁」 玩偶姐姐",
    "version": 2,
    "webSite": "https://hongkongdollvideo.com",
    "instance": "hkdoll20240705",
    "order": "E",
    "api": "vod/js/hkdoll.js",
    "type": 100
  },
  {
    "name": "「禁」 jable",
    "version": 3,
    "webSite": "https://jable.tv",
    "instance": "jable20240831",
    "order": "E",
    "api": "vod/js/jable.js",
    "type": 100
  },
  {
    "name": "「禁」 麻豆",
    "version": 2,
    "webSite": "https://madou.club",
    "instance": "madou20240626",
    "order": "E",
    "api": "vod/js/madou.js",
    "type": 100
  },
  {
    "name": "「禁」 missav",
    "version": 2,
    "webSite": "https://missav.ai",
    "instance": "missav20240627",
    "order": "E",
    "api": "vod/js/missav.js",
    "type": 100
  },
  {
    "name": "「禁」 netflav",
    "version": 2,
    "webSite": "https://www.netflav.com",
    "instance": "netflav20240905",
    "order": "E",
    "api": "vod/js/netflav.js",
    "type": 100
  }
]