[
  {
    "name": "[解]通用官方采集2",
    "version": 1,
    "remark": "官方采集扩展，在环境变量配置 采集解析地址。如采集服务不可用，请自行寻找更换采集地址。",
    "env": "采集解析地址##内置两个，失效不要反馈。格式：名称1@地址1;名称2@地址2",
    "webSite": "https://zy.hls.one/api.php/provide/vod",
    "api": "vod/js/cms2.js",
    "type": 101
  },
  {
    "name": "[解]通用官方采集",
    "version": 2,
    "remark": "官方采集扩展，需配合网盘解析工具使用。如采集服务不可用，请自行寻找更换采集地址。每次消耗所有解析次数！",
    "webSite": "https://zy.hls.one/api.php/provide/vod",
    "api": "vod/js/cms.js",
    "type": 101
  },
  {
    "name": "[直]韩剧看看",
    "version": 2,
    "webSite": "https://www.hanjukankan.com",
    "instance": "hjkk20240624",
    "api": "vod/js/hjkk.js",
    "type": 100
  },
  {
    "name": "[直]金牌影视",
    "version": 2,
    "webSite": "https://www.ghw9zwp5.com",
    "instance": "jpyy20240716",
    "api": "vod/js/jpyy.js",
    "type": 100
  },
  {
    "name": "[直]蛋蛋剧",
    "version": 2,
    "webSite": "https://www.dandanju.tv",
    "api": "vod/js/dandanju.js",
    "type": 101
  },
  {
    "name": "[直]老白听书",
    "version": 2,
    "webSite": "https://apk-lb-json.fodexin.com",
    "instance": "laobai20240831",
    "api": "vod/js/laobai.js",
    "type": 100
  },
  {
    "name": "[直]素白白",
    "version": 2,
    "webSite": "https://www.subaibaiys.com",
    "instance": "sbb20240624",
    "api": "vod/js/subaibai.js",
    "type": 100
  },
  {
    "name": "[直]短剧天堂",
    "version": 2,
    "webSite": "https://duanjutt.tv",
    "instance": "duanjutt20240922",
    "api": "vod/js/duanjutt.js",
    "type": 100
  },
  {
    "name": "[直]瓜子web",
    "version": 2,
    "webSite": "https://api.zaqohu.com",
    "instance": "gzys20240822",
    "api": "vod/js/gzys.js",
    "type": 100
  },
  {
    "name": "[直]瓜子 app",
    "version": 2,
    "remark": "v1.6.53 及以上版本",
    "webSite": "https://api.9cec79d.com",
    "codeID": "ra5Z3wtXKshzSMK2",
    "instance": "gzapp20241001",
    "api": "vod/js/gzapp.txt",
    "type": 100
  },
  {
    "name": "[直]烧火",
    "version": 2,
    "webSite": "https://saohuo.tv",
    "instance": "saohuo20240623",
    "api": "vod/js/saohuo.js",
    "type": 100
  },
  {
    "name": "[直]欧乐影视",
    "version": 2,
    "webSite": "https://www.olevod.tv",
    "instance": "olevod20240620",
    "api": "vod/js/olevod.js",
    "type": 100
  },
  {
    "name": "[直]天天影视",
    "version": 2,
    "webSite": "http://op.ysdqjs.cn",
    "instance": "tiantian20240629",
    "api": "vod/js/tiantian.js",
    "type": 100
  },
  {
    "name": "[直]在线之家",
    "version": 2,
    "webSite": "https://www.zxzja.com",
    "instance": "zxzj20240620",
    "api": "vod/js/zxzj.js",
    "type": 100
  },
  {
    "name": "[直]囧次元",
    "version": 2,
    "remark": "网站填写[https://jocy.app]会自动获取最新网址，也可以在环境变量修改[囧次元更新网址]的值为1",
    "env": "囧次元更新网址##填写1,然后在首页源列表重新切换到囧次元,可更新手动更新网址",
    "webSite": "https://jocy.app",
    "codeID": "cm7OBqdp0KChaJ7bg2OhuAyTgt8ufeyJ",
    "api": "vod/js/jocy.js",
    "type": 101
  },
  {
    "name": "[直]厂长影视",
    "version": 2,
    "webSite": "https://www.czzy77.com",
    "api": "vod/js/changZhang20240614.js",
    "type": 101
  },
  {
    "name": "[直]两个bt",
    "version": 2,
    "webSite": "https://www.bttwoo.com",
    "api": "vod/js/bttwo.js",
    "type": 101
  },
  {
    "name": "[直]4k-av",
    "version": 2,
    "webSite": "https://4k-av.com",
    "instance": "www4kav20240705",
    "api": "vod/js/4kav.js",
    "type": 100
  },
  {
    "name": "[盘]闪电优汐",
    "version": 1,
    "webSite": "http://1.95.79.193/",
    "api": "vod/js/shandian.js",
    "type": 101
  },
  {
    "name": "[盘]讴歌盘",
    "version": 3,
    "webSite": "https://woog.nxog.eu.org",
    "api": "vod/js/ouge.js",
    "type": 101
  },
  {
    "name": "[盘]蜡笔盘",
    "version": 3,
    "webSite": "https://duopan.fun",
    "api": "vod/js/labipan.js",
    "type": 101
  },
  {
    "name": "[盘]虎斑盘",
    "version": 1,
    "webSite": "http://103.45.162.207:20720",
    "api": "vod/js/huban.js",
    "type": 101
  },
  {
    "name": "[盘]至臻盘",
    "version": 3,
    "webSite": "https://mihdr.top",
    "api": "vod/js/zhizhen.js",
    "type": 101
  },
  {
    "name": "[盘]玩偶哥哥",
    "version": 3,
    "webSite": "http://wogg.xxooo.cf",
    "api": "vod/js/wobg.js",
    "type": 101
  },
  {
    "name": "[盘]特下饭",
    "version": 1,
    "webSite": "http://www.xn--ghqy10g1w0a.xyz/",
    "api": "vod/js/xiafan.js",
    "type": 101
  },
  {
    "name": "[盘]木偶",
    "version": 2,
    "webSite": "https://mo.91muou.icu",
    "api": "vod/js/mogg.js",
    "type": 101
  },
  {
    "name": "[盘]小米盘",
    "version": 3,
    "webSite": "http://www.mucpan.cc",
    "api": "vod/js/xiaomi.js",
    "type": 101
  },
  {
    "name": "[盘]多多盘",
    "version": 3,
    "webSite": "https://tv.yydsys.top",
    "api": "vod/js/duoduo.js",
    "type": 101
  },
  {
    "name": "[盘]南风短剧",
    "version": 1,
    "webSite": "https://www.nanf.cc",
    "api": "vod/js/nanfdj.js",
    "type": 101
  },
  {
    "name": "[盘]六趣盘",
    "version": 1,
    "webSite": "https://wp.0v.fit",
    "api": "vod/js/liuqu.js",
    "type": 101
  },
  {
    "name": "[盘]云盘资源网",
    "version": 1,
    "webSite": "https://res.yunpan.win",
    "instance": "resYunPan20241120",
    "api": "vod/js/resyunpan.js",
    "type": 100
  },
  {
    "name": "[嗅]mifun",
    "version": 1,
    "webSite": "http://www.mifun.tw",
    "api": "vod/js/mifun.js",
    "type": 101
  },
  {
    "name": "[嗅]eacg2",
    "version": 1,
    "webSite": "https://eacg1.com",
    "api": "vod/js/eacg2.js",
    "type": 101
  },
  {
    "name": "[嗅]eacg",
    "version": 1,
    "webSite": "https://eacg1.com",
    "api": "vod/js/eacg.js",
    "type": 101
  },
  {
    "name": "[嗅]clicli",
    "version": 1,
    "webSite": "https://www.clicli.pro",
    "api": "vod/js/clicli.js",
    "type": 101
  },
  {
    "name": "[嗅]aggl",
    "version": 1,
    "webSite": "https://anime.girigirilove.com",
    "api": "vod/js/aggl.js",
    "type": 101
  },
  {
    "api": "https://cj.rycjapi.com/api.php/provide/vod",
    "name": "[采]如意",
    "type": 0
  },
  {
    "api": "https://json.heimuer.xyz/api.php/provide/vod/",
    "name": "[采]黑木耳",
    "type": 0
  },
  {
    "api": "https://cjhwba.com/api.php/provide/vod/",
    "name": "[采]华为吧",
    "type": 0
  },
  {
    "name": "夸克|123|189|UC|解析 网盘解析工具",
    "version": 19,
    "remark": "iOS14 以上版本可用,App v1.6.54 及以上版本可用",
    "env": "UCCookie##用于播放UC网盘视频&&UC_UT##播放视频自动获取，不可用时点击删除重新获取 cookie ，再重启app&&夸克Cookie##用于播放Quark网盘视频&&阿里Token##用于播放阿里网盘视频&&转存文件夹名称##在各网盘转存文件时使用的文件夹名称&&123网盘账号##用于播放123网盘视频&&123网盘密码##用于播放123网盘视频&&天翼网盘账号##用于播放天翼网盘视频&&天翼网盘密码##用于播放天翼网盘视频&&采集解析地址##内置两个，失效不要反馈。格式：名称1@地址1;名称2@地址2",
    "api": "panTools/js/panTools2.js",
    "type": 300
  },
  {
    "name": "豆瓣推荐",
    "version": 3,
    "remark": "iOS14 以上版本可用",
    "codeID": "N7WRmLmOdB8FSh4M",
    "api": "recommend/js/douban.txt",
    "type": 200
  },
  {
    "name": "弹幕扩展",
    "version": 1,
    "api": "danMu/js/danMu.js",
    "type": 400
  },
  {
    "name": "弹幕扩展",
    "version": 10,
    "remark": "搜不到就算了，不要那么执着",
    "codeID": "HyplMQ00pLZipW1jy1e9qTsjZbznKjq2",
    "api": "danMu/js/danMu2.txt",
    "type": 400
  },
  {
    "name": "📺电视直播",
    "api": "https://tv.iill.top/m3u/Gather",
    "type": 10,
    "remark": "来自 YanG-1989 大佬 https://github.com/YanG-1989"
  },
  {
    "name": "🎥网络直播",
    "api": "https://tv.iill.top/m3u/Live",
    "type": 10,
    "remark": "来自 YanG-1989 大佬 https://github.com/YanG-1989"
  },
  {
    "name": "🚴‍♂️体育直播",
    "api": "https://tv.iill.top/m3u/Sport",
    "type": 10,
    "remark": "来自 YanG-1989 大佬 https://github.com/YanG-1989"
  },
  {
    "name": "[直|18]91jav",
    "version": 3,
    "webSite": "https://041.bndmpsjx.com",
    "api": "vod/js/91jav.js",
    "type": 101
  },
  {
    "name": "[直|18]jable",
    "version": 3,
    "webSite": "https://jable.tv",
    "instance": "jable20240831",
    "api": "vod/js/jable.js",
    "type": 100
  },
  {
    "name": "[直|18]missav",
    "version": 2,
    "webSite": "https://missav.ai",
    "instance": "missav20240627",
    "api": "vod/js/missav.js",
    "type": 100
  },
  {
    "name": "[直|18]netflav",
    "version": 2,
    "webSite": "https://www.netflav.com",
    "instance": "netflav20240905",
    "api": "vod/js/netflav.js",
    "type": 100
  },
  {
    "name": "[直|18]玩偶姐姐",
    "version": 2,
    "webSite": "https://hongkongdollvideo.com",
    "instance": "hkdoll20240705",
    "api": "vod/js/hkdoll.js",
    "type": 100
  },
  {
    "name": "[直|18]麻豆",
    "version": 2,
    "webSite": "https://madou.club",
    "instance": "madou20240626",
    "api": "vod/js/madou.js",
    "type": 100
  }
]